# UserType table
INSERT INTO `appschema`.`UserType` (`type`) VALUES ('Admin');
INSERT INTO `appschema`.`UserType` (`type`) VALUES ('Student');
INSERT INTO `appschema`.`UserType` (`type`) VALUES ('Lecturer');

# User table
#1
INSERT INTO `appschema`.`User` (`first_name`, `last_name`,`usertype_id`) VALUES ('Ryan', 'Gilera',2);
#2
INSERT INTO `appschema`.`User` (`first_name`, `last_name`,`usertype_id`) VALUES ('Rand', 'Althor',2);
#3
INSERT INTO `appschema`.`User` (`first_name`, `last_name`,`usertype_id`) VALUES ('Egwene', 'Alvere',2);
#4
INSERT INTO `appschema`.`User` (`first_name`, `last_name`,`usertype_id`) VALUES ('Matrim', 'Cauthon',2);
#5
INSERT INTO `appschema`.`User` (`first_name`, `last_name`,`usertype_id`) VALUES ('Nynaeve', 'Almeara',2);
#6
INSERT INTO `appschema`.`User` (`first_name`, `last_name`,`usertype_id`) VALUES ('Perrin', 'Aybara',2);
#7
INSERT INTO `appschema`.`User` (`first_name`, `last_name`,`usertype_id`) VALUES ('Moiraine', 'Damodred',2);
#8
INSERT INTO `appschema`.`User` (`first_name`, `last_name`,`usertype_id`) VALUES ('Lews Therin', 'Telamon',2);
#9
INSERT INTO `appschema`.`User` (`first_name`, `last_name`,`usertype_id`) VALUES ('Elayne', 'Trakand',2);
#10
INSERT INTO `appschema`.`User` (`first_name`, `last_name`,`usertype_id`) VALUES ('Cadsuane', 'Melaidhrin',2);
#11
INSERT INTO `appschema`.`User` (`first_name`, `last_name`,`usertype_id`) VALUES ('Shaun', 'Plummer',2);
#12
INSERT INTO `appschema`.`User` (`first_name`, `last_name`,`usertype_id`) VALUES ('Lan', 'Mandragoran',2);
#13
INSERT INTO `appschema`.`User` (`first_name`, `last_name`,`usertype_id`) VALUES ('Faile', 'Bashere',2);
#14
INSERT INTO `appschema`.`User` (`first_name`, `last_name`,`usertype_id`) VALUES ('Min', 'Farshaw',2);
#15
INSERT INTO `appschema`.`User` (`first_name`, `last_name`,`usertype_id`) VALUES ('Thom', 'Merrilin',2);
#16
INSERT INTO `appschema`.`User` (`first_name`, `last_name`,`usertype_id`) VALUES ('Padan', 'Fain',2);
#17
INSERT INTO `appschema`.`User` (`first_name`, `last_name`,`usertype_id`) VALUES ('Mazrim', 'Taim',2);
#18
INSERT INTO `appschema`.`User` (`first_name`, `last_name`,`usertype_id`) VALUES ('Artur', 'Hawkwing',2);
#19
INSERT INTO `appschema`.`User` (`first_name`, `last_name`,`usertype_id`) VALUES ('Birgitte', 'Silverbow',2);
#20
INSERT INTO `appschema`.`User` (`first_name`, `last_name`,`usertype_id`) VALUES ('Artur', 'Hawkwing',2);
#21
INSERT INTO `appschema`.`User` (`first_name`, `last_name`,`usertype_id`) VALUES ('Eamon', 'Valda',2);
#22
INSERT INTO `appschema`.`User` (`first_name`, `last_name`,`usertype_id`) VALUES ('Elyas', 'Machera',2);
#23
INSERT INTO `appschema`.`User` (`first_name`, `last_name`,`usertype_id`) VALUES ('Gaidal', 'Cain',2);
#24
INSERT INTO `appschema`.`User` (`first_name`, `last_name`,`usertype_id`) VALUES ('Gareth', 'Bryne',2);
#25
INSERT INTO `appschema`.`User` (`first_name`, `last_name`,`usertype_id`) VALUES ('Ilyena', 'Moerelle',2);
#26
INSERT INTO `appschema`.`User` (`first_name`, `last_name`,`usertype_id`) VALUES ('Jain', 'Farstrider',2);
#27
INSERT INTO `appschema`.`User` (`first_name`, `last_name`,`usertype_id`) VALUES ('Juilin', 'Sandar',2);
#28
INSERT INTO `appschema`.`User` (`first_name`, `last_name`,`usertype_id`) VALUES ('Masema', 'Dagar',2);
#29
INSERT INTO `appschema`.`User` (`first_name`, `last_name`,`usertype_id`) VALUES ('Mattin', 'Stepaneos',2);
#30
INSERT INTO `appschema`.`User` (`first_name`, `last_name`,`usertype_id`) VALUES ('Morgase', 'Trakand',2);
#31
INSERT INTO `appschema`.`User` (`first_name`, `last_name`,`usertype_id`) VALUES ('Nalesean', 'Aldiaya',2);
#32
INSERT INTO `appschema`.`User` (`first_name`, `last_name`,`usertype_id`) VALUES ('Nicola', 'Treehill',2);
#33
INSERT INTO `appschema`.`User` (`first_name`, `last_name`,`usertype_id`) VALUES ('Setalle', 'Anan',2);
#34
INSERT INTO `appschema`.`User` (`first_name`, `last_name`,`usertype_id`) VALUES ('Tigraine', 'Mantear',2);
#35
INSERT INTO `appschema`.`User` (`first_name`, `last_name`,`usertype_id`) VALUES ('Katerine', 'Alruddin',2);
#36
INSERT INTO `appschema`.`User` (`first_name`, `last_name`,`usertype_id`) VALUES ('Teslyn', 'Baradon',2);
#37
INSERT INTO `appschema`.`User` (`first_name`, `last_name`,`usertype_id`) VALUES ('Narenwin', 'Barda',2);
#38
INSERT INTO `appschema`.`User` (`first_name`, `last_name`,`usertype_id`) VALUES ('Davram', 'Bashere',2);
#39
INSERT INTO `appschema`.`User` (`first_name`, `last_name`,`usertype_id`) VALUES ('Adelorna', 'Adelorna',2);
#40
INSERT INTO `appschema`.`User` (`first_name`, `last_name`,`usertype_id`) VALUES ('Myrelle', 'Berengari',2);
#41
INSERT INTO `appschema`.`User` (`first_name`, `last_name`,`usertype_id`) VALUES ('Joiya', 'Byir',2);
#42
INSERT INTO `appschema`.`User` (`first_name`, `last_name`,`usertype_id`) VALUES ('Bayle', 'Domon',2);
#43
INSERT INTO `appschema`.`User` (`first_name`, `last_name`,`usertype_id`) VALUES ('Asim', 'Majeed',3);
#44
INSERT INTO `appschema`.`User` (`first_name`, `last_name`,`usertype_id`) VALUES ('Baba', 'Sheba',3);
#45
INSERT INTO `appschema`.`User` (`first_name`, `last_name`,`usertype_id`) VALUES ('Aster', 'Mekonnen',3);
#46
INSERT INTO `appschema`.`User` (`first_name`, `last_name`,`usertype_id`) VALUES ('Amarjeet', 'Singh',3);
#47
INSERT INTO `appschema`.`User` (`first_name`, `last_name`,`usertype_id`) VALUES ('Anwar', 'Ul Hawq',3);
#48
INSERT INTO `appschema`.`User` (`first_name`, `last_name`,`usertype_id`) VALUES ('Salvatore', 'Maiorano',3);
#49
INSERT INTO `appschema`.`User` (`first_name`, `last_name`,`usertype_id`) VALUES ('Tendai', 'Mhlanga',3);
#50
INSERT INTO `appschema`.`User` (`first_name`, `last_name`,`usertype_id`) VALUES ('Usman', 'Butt',3);
#51
INSERT INTO `appschema`.`User` (`first_name`, `last_name`,`usertype_id`) VALUES ('Jarvis', 'Ada',1);

# Admin table
INSERT INTO `appschema`.`Admin`
VALUES (51,'admin@gsm.org.uk','sudafed');

# Student table
#1
INSERT INTO `appschema`.`Student` VALUES (1, 126250,'youview');
#2
INSERT INTO `appschema`.`Student` VALUES (2, 126251,'youview');
#3
INSERT INTO `appschema`.`Student` VALUES (3, 126252,'youview');
#4
INSERT INTO `appschema`.`Student` VALUES (4, 126253,'youview');
#5
INSERT INTO `appschema`.`Student` VALUES (5, 126254,'youview');
#6
INSERT INTO `appschema`.`Student` VALUES (6, 126255,'youview');
#7
INSERT INTO `appschema`.`Student` VALUES (7, 126256,'youview');
#8
INSERT INTO `appschema`.`Student` VALUES (8, 126257,'youview');
#9
INSERT INTO `appschema`.`Student` VALUES (9, 126258,'youview');
#10
INSERT INTO `appschema`.`Student` VALUES (10, 126259,'youview');
#11
INSERT INTO `appschema`.`Student` VALUES (11, 127214,'VictorTango');
#12
INSERT INTO `appschema`.`Student` VALUES (12, 126261,'youview');
#13
INSERT INTO `appschema`.`Student` VALUES (13, 126262,'youview');
#14
INSERT INTO `appschema`.`Student` VALUES (14, 126263,'youview');
#15
INSERT INTO `appschema`.`Student` VALUES (15, 126264,'youview');
#16
INSERT INTO `appschema`.`Student` VALUES (16, 126265,'youview');
#17
INSERT INTO `appschema`.`Student` VALUES (17, 126266,'youview');
#18
INSERT INTO `appschema`.`Student` VALUES (18, 126267,'youview');
#19
INSERT INTO `appschema`.`Student` VALUES (19, 126268,'youview');
#20
INSERT INTO `appschema`.`Student` VALUES (20, 126269,'youview');
#21
INSERT INTO `appschema`.`Student` VALUES (21, 126270,'youview');
#22
INSERT INTO `appschema`.`Student` VALUES (22, 126271,'youview');
#23
INSERT INTO `appschema`.`Student` VALUES (23, 126272,'youview');
#24
INSERT INTO `appschema`.`Student` VALUES (24, 126273,'youview');
#25
INSERT INTO `appschema`.`Student` VALUES (25, 126274,'youview');
#26
INSERT INTO `appschema`.`Student` VALUES (26, 126275,'youview');
#27
INSERT INTO `appschema`.`Student` VALUES (27, 126276,'youview');
#28
INSERT INTO `appschema`.`Student` VALUES (28, 126277,'youview');
#29
INSERT INTO `appschema`.`Student` VALUES (29, 126278,'youview');
#30
INSERT INTO `appschema`.`Student` VALUES (30, 126279,'youview');
#31
INSERT INTO `appschema`.`Student` VALUES (31, 126280,'youview');
#32
INSERT INTO `appschema`.`Student` VALUES (32, 126281,'youview');
#33
INSERT INTO `appschema`.`Student` VALUES (33, 126282,'youview');
#34
INSERT INTO `appschema`.`Student` VALUES (34, 126283,'youview');
#35
INSERT INTO `appschema`.`Student` VALUES (35, 126284,'youview');
#36
INSERT INTO `appschema`.`Student` VALUES (36, 126285,'youview');
#37
INSERT INTO `appschema`.`Student` VALUES (37, 126286,'youview');
#38
INSERT INTO `appschema`.`Student` VALUES (38, 126287,'youview');
#39
INSERT INTO `appschema`.`Student` VALUES (39, 126288,'youview');
#40
INSERT INTO `appschema`.`Student` VALUES (40, 126289,'youview');
#41
INSERT INTO `appschema`.`Student` VALUES (41, 126290,'youview');
#42	
INSERT INTO `appschema`.`Student` VALUES (42, 126291,'youview');

# Lecturer table 
#43
INSERT INTO `appschema`.`Lecturer` VALUES (43, 'asim.majeed@gsm.org.uk','youview');
#44
INSERT INTO `appschema`.`Lecturer` VALUES (44, 'baba.sheba@gsm.org.uk','youview');
#45
INSERT INTO `appschema`.`Lecturer` VALUES (45, 'aster.mekonnen@gsm.org.uk','VictorTango');
#46
INSERT INTO `appschema`.`Lecturer` VALUES (46, 'amarjeet.singh@gsm.org.uk','youview');
#47
INSERT INTO `appschema`.`Lecturer` VALUES (47, 'anwar.ulhawq@gsm.org.uk','youview');
#48
INSERT INTO `appschema`.`Lecturer` VALUES (48, 'salvatore.maiorano@gsm.org.uk','youview');
#49
INSERT INTO `appschema`.`Lecturer` VALUES (49, 'tendai.mhlanga@gsm.org.uk','youview');
#50
INSERT INTO `appschema`.`Lecturer` VALUES (50, 'usman.butt@gsm.org.uk','youview');

# Course table
#1
INSERT INTO `appschema`.`Course` (`name`) VALUES ('BSc Computer Science');
#2
INSERT INTO `appschema`.`Course` (`name`) VALUES ('BSc Computer Science with Business Informatics');
#3
INSERT INTO `appschema`.`Course` (`name`) VALUES ('BSc Human Resources Management with Information Systems');
#4
INSERT INTO `appschema`.`Course` (`name`) VALUES ('BSc Business Management and Information Technologyth Information Systems');
#5
INSERT INTO `appschema`.`Course` (`name`) VALUES ('BSc Business Management with Human Resources Management');
#6
INSERT INTO `appschema`.`Course` (`name`) VALUES ('BSc Accounting and Finance');
#7
INSERT INTO `appschema`.`Course` (`name`) VALUES ('MBA Strategic Management Pathway');
#8
INSERT INTO `appschema`.`Course` (`name`) VALUES ('MBA Marketing Pathway');
#9
INSERT INTO `appschema`.`Course` (`name`) VALUES ('BSc Business Management');
#10
INSERT INTO `appschema`.`Course` (`name`) VALUES ('BSc Business Management (Travel and Tourism Pathway)');
#11
INSERT INTO `appschema`.`Course` (`name`) VALUES ('MSc Oil and Gas Management');
#12
INSERT INTO `appschema`.`Course` (`name`) VALUES ('BSc Human Resources Management Pathway');
#13
INSERT INTO `appschema`.`Course` (`name`) VALUES ('MBA Financial Management Pathway');
#14
INSERT INTO `appschema`.`Course` (`name`) VALUES ('Executive MBA');
#15
INSERT INTO `appschema`.`Course` (`name`) VALUES ('Executive MBA Health Services Management');
#16
INSERT INTO `appschema`.`Course` (`name`) VALUES ('Executive MSc Leading and Managing in Healthcare Organisations');
#17
INSERT INTO `appschema`.`Course` (`name`) VALUES ('Diploma in Procurement and Supply');

# Module table
INSERT INTO `appschema`.`Module` VALUES ('PC107','Programming 1');
INSERT INTO `appschema`.`Module` VALUES ('PC108','Information Technology & Professional Skills');
INSERT INTO `appschema`.`Module` VALUES ('PC109','Computer Systems');
INSERT INTO `appschema`.`Module` VALUES ('PC110','Programming 2');
INSERT INTO `appschema`.`Module` VALUES ('PC111','Quantitative Methods for Computing');
INSERT INTO `appschema`.`Module` VALUES ('PC112','Software Engineering and Human Computer Interaction');
INSERT INTO `appschema`.`Module` VALUES ('PC206','Database Management Systems');
INSERT INTO `appschema`.`Module` VALUES ('PC209','Systems Analysis & Design');
INSERT INTO `appschema`.`Module` VALUES ('PC210','Artificial Intelligence');
INSERT INTO `appschema`.`Module` VALUES ('PC205','Computer Graphics');
INSERT INTO `appschema`.`Module` VALUES ('PI207','Internet Development: Coding and Programming');
INSERT INTO `appschema`.`Module` VALUES ('PI208','Telecommunications and Networking');
INSERT INTO `appschema`.`Module` VALUES ('PC302','Mobile Devices and Applications');
INSERT INTO `appschema`.`Module` VALUES ('PC303','E-Commerce');
INSERT INTO `appschema`.`Module` VALUES ('PC304','Software Development');
INSERT INTO `appschema`.`Module` VALUES ('PI306','C++ Programming');
INSERT INTO `appschema`.`Module` VALUES ('PM302','Project');
INSERT INTO `appschema`.`Module` VALUES ('PM302A','Financial Research Project');

# CourseModule table
INSERT INTO `appschema`.`CourseModule` VALUES (1,'PC107');
INSERT INTO `appschema`.`CourseModule` VALUES (2,'PC107');
INSERT INTO `appschema`.`CourseModule` VALUES (1,'PC108');
INSERT INTO `appschema`.`CourseModule` VALUES (2,'PC108');
INSERT INTO `appschema`.`CourseModule` VALUES (1,'PC109');
INSERT INTO `appschema`.`CourseModule` VALUES (2,'PC109');
INSERT INTO `appschema`.`CourseModule` VALUES (1,'PC110');
INSERT INTO `appschema`.`CourseModule` VALUES (2,'PC110');
INSERT INTO `appschema`.`CourseModule` VALUES (1,'PC111');
INSERT INTO `appschema`.`CourseModule` VALUES (2,'PC111');
INSERT INTO `appschema`.`CourseModule` VALUES (1,'PC112');
INSERT INTO `appschema`.`CourseModule` VALUES (2,'PC112');
INSERT INTO `appschema`.`CourseModule` VALUES (1,'PC206');
INSERT INTO `appschema`.`CourseModule` VALUES (2,'PC206');
INSERT INTO `appschema`.`CourseModule` VALUES (1,'PC209');
INSERT INTO `appschema`.`CourseModule` VALUES (2,'PC209');
INSERT INTO `appschema`.`CourseModule` VALUES (1,'PC210');
INSERT INTO `appschema`.`CourseModule` VALUES (2,'PC210');

INSERT INTO `appschema`.`CourseModule` VALUES (1,'PC205');

INSERT INTO `appschema`.`CourseModule` VALUES (1,'PI207');
INSERT INTO `appschema`.`CourseModule` VALUES (2,'PI207');
INSERT INTO `appschema`.`CourseModule` VALUES (4,'PI207');

INSERT INTO `appschema`.`CourseModule` VALUES (1,'PI208');
INSERT INTO `appschema`.`CourseModule` VALUES (2,'PI208');
INSERT INTO `appschema`.`CourseModule` VALUES (3,'PI208');
INSERT INTO `appschema`.`CourseModule` VALUES (4,'PI208');

INSERT INTO `appschema`.`CourseModule` VALUES (1,'PC302');

INSERT INTO `appschema`.`CourseModule` VALUES (1,'PC303');
INSERT INTO `appschema`.`CourseModule` VALUES (2,'PC303');

INSERT INTO `appschema`.`CourseModule` VALUES (1,'PC304');

INSERT INTO `appschema`.`CourseModule` VALUES (1,'PI306');
INSERT INTO `appschema`.`CourseModule` VALUES (4,'PI306');

INSERT INTO `appschema`.`CourseModule` VALUES (1,'PM302');

INSERT INTO `appschema`.`CourseModule` VALUES (6,'PM302A');

# Semester table
INSERT INTO `appschema`.`Semester` VALUES('C15','2015-06-08','2015-09-28');
INSERT INTO `appschema`.`Semester` VALUES('E15','2015-10-05','2016-02-05');
INSERT INTO `appschema`.`Semester` VALUES('A16','2016-02-08','2016-06-03');

# Class table
# For C++ class
#1
INSERT INTO `appschema`.`Class` (`module_id`,`lecturer_user_id`,`semester_id`) 
VALUES ('PI306',47,'C15');
# Software Development
#2
INSERT INTO `appschema`.`Class` (`module_id`,`lecturer_user_id`,`semester_id`) 
VALUES ('PC304',49,'C15');
# For Mobile Devices
#3
INSERT INTO `appschema`.`Class` (`module_id`,`lecturer_user_id`,`semester_id`) 
VALUES ('PC302',47,'C15');
#4
INSERT INTO `appschema`.`Class` (`module_id`,`lecturer_user_id`,`semester_id`) 
VALUES ('PC302',50,'C15');
# For E-commerce
#5
INSERT INTO `appschema`.`Class` (`module_id`,`lecturer_user_id`,`semester_id`) 
VALUES ('PC303',48,'C15');
#6
INSERT INTO `appschema`.`Class` (`module_id`,`lecturer_user_id`,`semester_id`) 
VALUES ('PC303',45,'C15');


# StudentClass table
INSERT INTO `appschema`.`StudentClass` VALUES (1, 1);
INSERT INTO `appschema`.`StudentClass` VALUES (2, 1);
INSERT INTO `appschema`.`StudentClass` VALUES (3, 1);
INSERT INTO `appschema`.`StudentClass` VALUES (4, 1);
INSERT INTO `appschema`.`StudentClass` VALUES (5, 1);

INSERT INTO `appschema`.`StudentClass` VALUES (1, 2);
INSERT INTO `appschema`.`StudentClass` VALUES (6, 2);
INSERT INTO `appschema`.`StudentClass` VALUES (7, 2);
INSERT INTO `appschema`.`StudentClass` VALUES (8, 2);
INSERT INTO `appschema`.`StudentClass` VALUES (9, 2);
INSERT INTO `appschema`.`StudentClass` VALUES (10, 2);

INSERT INTO `appschema`.`StudentClass` VALUES (1, 3);
INSERT INTO `appschema`.`StudentClass` VALUES (6, 3);
INSERT INTO `appschema`.`StudentClass` VALUES (7, 3);
INSERT INTO `appschema`.`StudentClass` VALUES (8, 4);
INSERT INTO `appschema`.`StudentClass` VALUES (9, 4);
INSERT INTO `appschema`.`StudentClass` VALUES (10, 4);

INSERT INTO `appschema`.`StudentClass` VALUES (1, 5);
INSERT INTO `appschema`.`StudentClass` VALUES (6, 5);
INSERT INTO `appschema`.`StudentClass` VALUES (7, 5);
INSERT INTO `appschema`.`StudentClass` VALUES (8, 6);
INSERT INTO `appschema`.`StudentClass` VALUES (9, 6);
INSERT INTO `appschema`.`StudentClass` VALUES (10, 6);

# Shaun
INSERT INTO `appschema`.`StudentClass` VALUES (11, 2);
INSERT INTO `appschema`.`StudentClass` VALUES (11, 3);
INSERT INTO `appschema`.`StudentClass` VALUES (11, 6);


# Announcement type table
INSERT INTO `appschema`.`AnnouncementType` VALUES (1,'SystemWide');
INSERT INTO `appschema`.`AnnouncementType` VALUES (2,'ClassWide');

# Announcement table
INSERT INTO `appschema`.`Announcement` (`title`,`message`,`date_submitted`,`announcement_type_id`)
VALUES ('Welcome to Revworks!','This is your main portal for coursework reviews from your lecturers. 
If you have any problem please visit us in the CIT clinic or email us at support@gsm.org.uk.',
'2015-06-29 08:01:00',1);
INSERT INTO `appschema`.`Announcement` (`title`,`message`,`date_submitted`,`announcement_type_id`)
VALUES ('Review Availability','Dear Students, <br><br>I am available to review your assignments over the weekends. 
If you have something that you would like me to review, please send it by friday. For late submissions, 
I\'ll look at them later next week. <br>Thank you.',
'2015-06-29 20:05:14',2);
INSERT INTO `appschema`.`Announcement` (`title`,`message`,`date_submitted`,`announcement_type_id`)
VALUES ('Assignment brief approved','<font face=\"inherit\">Hi,</font><div><font face=\"inherit\"><br></font></div>
<div><font face=\"inherit\">The assignment brief has been approved externally by Plymouth. You may now submit your 
draft works for review. Lecture notes for <b>week 1 and 2</b> are now available in <b><a href=\"learn.gsm.org.uk/my/\">
GSM Learn</a></b> to guide you with the first two questions of the assignment brief.</font></div>',
'2015-06-29 22:05:55',2);
INSERT INTO `appschema`.`Announcement` (`title`,`message`,`date_submitted`,`announcement_type_id`)
VALUES ('Coursework Approved','Dear Students,<div><br></div><div>The coursework brief has been approved. You may now 
submit your draft works here. Please see that you understood the questions. Thank you.</div>',
'2015-06-29 22:16:32',2);
INSERT INTO `appschema`.`Announcement` (`title`,`message`,`date_submitted`,`announcement_type_id`)
VALUES ('Welcome to your E-commerce module','<p style=\"margin: 0px 0px 4px; padding: 0px; border: 0px; outline: 0px; font-family: \'Lucida Grande\', Arial, sans-serif; font-size: small; background-color: rgb(255, 255, 255);\"><span lang=\"EN-US\" style=\"margin: 0px; padding: 0px; border: 0px; outline: 0px; font-weight: inherit; font-style: inherit; font-family: inherit; font-size: 13px;\"><span size=\"3\" face=\"Calibri\" style=\"margin: 0px; padding: 0px; border: 0px; outline: 0px; font-weight: inherit; font-style: inherit; font-family: Calibri; font-size: medium;\">Dear Students,</span></span></p><br style=\"font-family: \'Lucida Grande\', Arial, sans-serif; font-size: small; background-color: rgb(255, 255, 255);\"><p style=\"margin: 0cm 0cm 12pt; padding: 0px; border: 0px; outline: 0px; font-family: \'Lucida Grande\', Arial, sans-serif; font-size: small; background-color: rgb(255, 255, 255);\"><span lang=\"EN-US\" style=\"margin: 0px; padding: 0px; border: 0px; outline: 0px; font-weight: inherit; font-style: inherit; font-family: inherit; font-size: 13px;\"><span size=\"3\" face=\"Calibri\" style=\"margin: 0px; padding: 0px; border: 0px; outline: 0px; font-weight: inherit; font-style: inherit; font-family: Calibri; font-size: medium;\">Welcome to your E-commerce module. We look forward to working with you over the next 3 months. Lecture, tutorial, and blended learning materials will be uploaded here on a regular basis.</span></span></p><p style=\"margin: 0px 0px 4px; padding: 0px; border: 0px; outline: 0px; font-family: \'Lucida Grande\', Arial, sans-serif; font-size: small; background-color: rgb(255, 255, 255);\"><span lang=\"EN-US\" style=\"margin: 0px; padding: 0px; border: 0px; outline: 0px; font-style: inherit; font-family: inherit; font-size: 13px;\"><span face=\"Calibri\" style=\"margin: 0px; padding: 0px; border: 0px; border-image-source: initial; border-image-slice: initial; border-image-width: initial; border-image-outset: initial; border-image-repeat: initial; outline: 0px; font-style: inherit; font-family: Calibri;\"><span size=\"3\" style=\"font-weight: inherit; margin: 0px; padding: 0px; border: 0px; border-image-source: initial; border-image-slice: initial; border-image-width: initial; border-image-outset: initial; border-image-repeat: initial; outline: 0px; font-style: inherit; font-family: inherit; font-size: medium;\">The </span><span size=\"3\" style=\"margin: 0px; padding: 0px; border: 0px; border-image-source: initial; border-image-slice: initial; border-image-width: initial; border-image-outset: initial; border-image-repeat: initial; outline: 0px; font-style: inherit; font-family: inherit; font-size: medium;\"><b>Module Handbook </b></span><span size=\"3\" style=\"font-weight: inherit; margin: 0px; padding: 0px; border: 0px; border-image-source: initial; border-image-slice: initial; border-image-width: initial; border-image-outset: initial; border-image-repeat: initial; outline: 0px; font-style: inherit; font-family: inherit; font-size: medium;\">and </span><span size=\"3\" style=\"margin: 0px; padding: 0px; border: 0px; border-image-source: initial; border-image-slice: initial; border-image-width: initial; border-image-outset: initial; border-image-repeat: initial; outline: 0px; font-style: inherit; font-family: inherit; font-size: medium;\"><b>Scheme of Work</b></span><span size=\"3\" style=\"font-weight: inherit; margin: 0px; padding: 0px; border: 0px; border-image-source: initial; border-image-slice: initial; border-image-width: initial; border-image-outset: initial; border-image-repeat: initial; outline: 0px; font-style: inherit; font-family: inherit; font-size: medium;\">&nbsp;<span style=\"margin: 0px; padding: 0px; border: 0px; outline: 0px; font-weight: inherit; font-style: inherit; font-family: inherit; font-size: 16px;\">&nbsp;</span></span><span size=\"3\" style=\"font-weight: inherit; margin: 0px; padding: 0px; border: 0px; border-image-source: initial; border-image-slice: initial; border-image-width: initial; border-image-outset: initial; border-image-repeat: initial; outline: 0px; font-style: inherit; font-family: inherit; font-size: medium;\">has already been uploaded in <a href=\"https://learn.gsm.org.uk\">GSM Learn</a>.</span></span></span></p><p style=\"margin: 0px 0px 4px; padding: 0px; border: 0px; outline: 0px; font-family: \'Lucida Grande\', Arial, sans-serif; font-size: small; background-color: rgb(255, 255, 255);\"><span lang=\"EN-US\" style=\"margin: 0px; padding: 0px; border: 0px; outline: 0px; font-weight: inherit; font-style: inherit; font-family: inherit; font-size: 13px;\"><span size=\"3\" face=\"Calibri\" style=\"margin: 0px; padding: 0px; border: 0px; outline: 0px; font-weight: inherit; font-style: inherit; font-family: Calibri; font-size: medium;\">Please, be aware that some of the materials here are subjected to copyright laws; so do make sure that you only use them for the purpose of your study and you do not redistribute to anyone.</span></span></p><p style=\"margin: 0cm 0cm 12pt; padding: 0px; border: 0px; outline: 0px; font-family: \'Lucida Grande\', Arial, sans-serif; font-size: small; background-color: rgb(255, 255, 255);\"><span lang=\"EN-US\" style=\"margin: 0px; padding: 0px; border: 0px; outline: 0px; font-weight: inherit; font-style: inherit; font-family: inherit; font-size: 13px;\"><span size=\"3\" face=\"Calibri\" style=\"margin: 0px; padding: 0px; border: 0px; outline: 0px; font-weight: inherit; font-style: inherit; font-family: Calibri; font-size: medium;\">We look forward to seeing you at the lecture and tutorial sessions.</span></span></p><div style=\"font-family: \'Lucida Grande\', Arial, sans-serif; font-size: small; border-width: medium medium 1pt; border-style: none none solid; border-color: currentcolor currentcolor windowtext; padding: 0cm 0cm 1pt; border-image-source: none; background-color: rgb(255, 255, 255);\"><span size=\"3\" face=\"Times New Roman\" style=\"margin: 0px; padding: 0px; border: 0px; outline: 0px; font-weight: inherit; font-style: inherit; font-family: \'Times New Roman\'; font-size: medium;\"></span><p style=\"margin: 0cm 0cm 12pt; padding: 0cm; border: currentcolor; border-image-source: none; outline: 0px; font-weight: inherit; font-style: inherit; font-family: inherit; font-size: 13px;\"><span lang=\"EN-US\" style=\"margin: 0px; padding: 0px; border: 0px; outline: 0px; font-weight: inherit; font-style: inherit; font-family: inherit;\"><span size=\"3\" face=\"Calibri\" style=\"margin: 0px; padding: 0px; border: 0px; outline: 0px; font-weight: inherit; font-style: inherit; font-family: Calibri; font-size: medium;\">Aster Mekonnen (Module Leader)</span></span></p><span size=\"3\" face=\"Times New Roman\" style=\"margin: 0px; padding: 0px; border: 0px; outline: 0px; font-weight: inherit; font-style: inherit; font-family: \'Times New Roman\'; font-size: medium;\"></span><p style=\"margin: 0cm 0cm 12pt; padding: 0cm; border: currentcolor; border-image-source: none; outline: 0px; font-weight: inherit; font-style: inherit; font-family: inherit; font-size: 13px;\"><span lang=\"EN-US\" style=\"margin: 0px; padding: 0px; border: 0px; outline: 0px; font-weight: inherit; font-style: inherit; font-family: inherit;\"><span size=\"3\" face=\"Calibri\" style=\"margin: 0px; padding: 0px; border: 0px; outline: 0px; font-weight: inherit; font-style: inherit; font-family: Calibri; font-size: medium;\">aster.mekonnen@gsm.org.uk</span></span></p></div>',
'2015-06-29 19:50:00',2);

# ClassWideAnnouncement table
INSERT INTO `appschema`.`ClassWideAnnouncement` VALUES (2,1);
INSERT INTO `appschema`.`ClassWideAnnouncement` VALUES (3,2);
INSERT INTO `appschema`.`ClassWideAnnouncement` VALUES (4,4);
INSERT INTO `appschema`.`ClassWideAnnouncement` VALUES (5,6);

# Notification Type
INSERT INTO `appschema`.`NotificationType` VALUES (1,'Coursework');
INSERT INTO `appschema`.`NotificationType` VALUES (2,'Note');
INSERT INTO `appschema`.`NotificationType` VALUES (3,'Comment');
